Codon	AA	Cognate	Pseudo.cognate	Near.cognate	Rc	Rn	R.total	eN	eM
GCA	A	TGC	GGC,CGC	TGA,TGG,TGT,TAC,TTC,TCC	193.72813919039277	0.33876509185136866	1.3070504000000003	1.621064144325537e-5	0.0017455815122358579
GCC	A	GGC,TGC	CGC	GGA,GGG,GGT,GAC,GTC,GCC	213.03062253058027	0.39399853074017877	1.4374256	1.4740350064647938e-5	0.0018460509434415724
GCG	A	TGC,CGC	GGC	CGA,CGG,CGT,CAC,CTC,CCC	220.7751821339145	0.44923196962898887	1.4899576	1.422065134437836e-5	0.0020306329347877365
GCT	A	GGC,TGC	CGC	ATC	178.18010431557622	0.055233438888810105	1.2004240000000002	1.76505092151357e-5	3.098850356295542e-4
TGC	C	GCA		GAA,GGA,GTA,CCA,GCT,GCC	96.80699504167794	0.4455497403697348	0.6550008	3.2347721503004505e-5	0.004581220253406276
TGT	C	GCA		CCA,ACG	61.956476826673885	0.11414910703687423	0.41804880000000005	5.06816309368093e-5	0.0018389265462839164
GAC	D	ATC,GTC		GTA,GTG,GTT,GAC,GGC,TTC,CTC,GCC	158.76347186835181	0.44923196962898887	1.0723056	1.9759339306993572e-5	0.00282152794515201
GAT	D	ATC,GTC		TTC,CTC	158.76347186835181	0.11046687777762021	1.070024	1.9801471087079745e-5	6.95297738840915e-4
GAA	E	TTC	CTC	TTG,TTT,TAC,TGC,ATC,GTC,TCC	96.865910709826	0.44923196962898887	0.6554224	3.232691452643841e-5	0.004616110452873458
GAG	E	TTC,CTC		CTG,CTT,CAC,CGC,ATC,GTC,CCC	158.76347186835181	0.39399853074017877	1.0719336	1.97661963818453e-5	0.002475477537434484
TTC	F	GAA		CAA,GGA,GTA,GCA,GAG,GAT,GAC	193.61399008335587	0.508147637777053	1.3074224	1.620602911529715e-5	0.0026176272767591833
TTT	F	GAA		CAA	123.91295365334777	0.055233438888810105	0.8349320000000001	2.5376834478817192e-5	4.4553395943331173e-4
GGA	G	TCC	GCC,CCC	TCT,TAC,TGC,TTC	96.92114414871482	0.28353165296255856	0.6546784	3.236365080187111e-5	0.0029167575994143518
GGC	G	GCC,TCC	CCC	GCA,GCT,GAC,GGC,GTC	154.94642550557353	0.28353165296255856	1.0454816000000002	2.0266295886561392e-5	0.0018264896287810085
GGG	G	TCC,CCC	GCC	CCA,CCG,CCT,CAC,CGC,CTC	158.81870530724063	0.33876509185136866	1.0719336000000002	1.97661963818453e-5	0.0021284479761118926
GGT	G	GCC,TCC	CCC	ACG,ATC	120.09590729056947	0.11414910703687423	0.8096208000000001	2.6170170474242702e-5	9.49555496070431e-4
CAC	H	GTG		GTA,GAG,GGG,TTG,CTG,GTT,GTC	96.80699504167794	0.3903163014809247	0.6546288	3.236610285580535e-5	0.004015580915457451
CAT	H	GTG		TTG,CTG,ACG,ATC	61.956476826673885	0.22461598481449443	0.4187928	5.059159780884517e-5	0.0036121047568889305
ATA	I		GAT	TAG,CAT,TGT,TTT,TCT,TAC	0.11046687777762021	0.5781099937028792	0.0046376	0.004548064159374395	0.8357537643153916
ATC	I	GAT		GAA,GAG,CAT,GGT,GTT,GCT,GAC	193.61399008335587	0.6701657251842293	1.3085136	1.6192514748597503e-5	0.003449354224110037
ATT	I	GAT		CAT	123.91295365334777	0.2761671944440505	0.83642	2.5331689966297903e-5	0.002223706849497456
AAA	K	TTT	CTT	TTG,TGT,GTT,TCT,TTC	96.865910709826	0.28353165296255856	0.6543064	3.238205026768986e-5	0.00291841584193095
AAG	K	TTT,CTT		CTG,CAT,CGT,GTT,CCT,CTC	158.76347186835181	0.5596988474066091	1.0730496	1.9745639420087338e-5	0.003512908971624091
CTA	L	TAG	GAG,CAG	TGG,TTG,TAC	96.92114414871482	0.16938254592568433	0.6539096000000001	3.240169943817211e-5	0.001744527127513162
CTC	L	GAG,TAG	CAG	GAA,GGG,GTG,GAT,GAC	154.94642550557353	0.39768075999943275	1.0462504000000001	2.0251404219379268e-5	0.0025599471776918204
CTG	L	TAG,CAG	CAA,GAG	CGG,CTG,CCG,CAT,CAC	158.8776209753887	0.559698847406609	1.0738184000000002	1.9731502813699217e-5	0.0035103939549992738
CTT	L	GAG,TAG	CAG	ACG	120.09590729056947	0.055233438888810105	0.8092240000000002	2.618300258469841e-5	4.596876265694522e-4
TTA	L		CAA,TAG	GAA,TGA,TAC	0.11783133629612823	0.22461598481449443	0.0023064	0.009103185182774356	0.6499430720844169
TTG	L	CAA	CAG	GAA,CGA,CCA,CAT,CAC	96.865910709826	0.6149322862954192	0.6565384	3.227196622129578e-5	0.0063080336845867625
ATG	M	CAT		CAA,CAG,GAT,CGT,CTT,CCT,CAC	484.0349752083897	0.44923196962898887	3.2630256	6.4934615513979e-6	9.272315710249805e-4
AAC	N	GTT		GTA,GTG,GAT,GGT,TTT,CTT,GCT,GTC	96.80699504167794	0.504465408517799	0.6553976	3.232813772524558e-5	0.00518386115835527
AAT	N	GTT		TTT,CTT,ATC	61.956476826673885	0.16938254592568433	0.41842080000000004	5.063657435255617e-5	0.002726303840048053
CCA	P	TGG	GGG,CGG	TGA,TAG,TTG,TGT,TGC	96.98005981686288	0.33876509185136866	0.6554472	3.2325691420192e-5	0.0034808696195550996
CCC	P	GGG,TGG	CGG	GGA,GAG,GTG,GGT,GGC	155.00165894446235	0.34244732111062265	1.0462504000000001	2.0251404219379268e-5	0.0022043989585679566
CCG	P	TGG,CGG	GGG	CGA,CAG,CTG,CCG,CGT,CGC	255.62570034891857	0.39768075999943275	1.7243304000000002	1.2287789220613215e-5	0.001553279515564622
CCT	P	GGG,TGG	CGG	ACG	120.15114072945826	0.055233438888810105	0.8095960000000001	2.6170972112642938e-5	4.594764109486387e-4
CAA	Q	TTG	CTG	TAG,TGG,GTG,TTT,TTC	96.865910709826	0.2761671944440505	0.6542568	3.238450511061838e-5	0.0028428283279906207
CAG	Q	TTG,CTG		CAG,CGG,GTG,CCG,CTT,CTC	158.76347186835181	0.3903163014809247	1.0719088	1.976665368938921e-5	0.002452398970342235
AGA	R	TCT	CCT	TGT,TTT,GCT,TCC	96.865910709826	0.22829821407374845	0.6539344	3.240047066643251e-5	0.002351230002636814
AGG	R	TCT,CCT	CCG	CCA,CAT,CGT,CTT,GCT,CCC	158.81870530724063	0.5596988474066091	1.0734216	1.9738796598147336e-5	0.003511691578250655
CGA	R	ACG	CCG,TCT	TAG,TGG,TTG,TCC	58.198346132043625	0.22461598481449443	0.39348159999999993	5.384579088697269e-5	0.0038444454380777817
CGC	R	ACG	CCG	GCA,GAG,GGG,GTG,GCT,GCC	62.01171026556269	0.33876509185136866	0.4199336	5.045416659871239e-5	0.005432965792147825
CGG	R	ACG,CCG	CCT	CCA,CAG,CGG,CTG,CCC	154.94642550557353	0.33876509185136866	1.0458536000000003	2.0259087507362542e-5	0.0021815230897191946
CGT	R	ACG	CCG		96.86222848056676	0	0.6523720000000001	3.2478065736804166e-5	0
TCA	S	TGA	GGA,CGA	TGG,TGT,TGC	97.03529325575167	0.22461598481449443	0.6550503999999999	3.2345272233314304e-5	0.002309365917602929
TCC	S	GGA,TGA	CGA	GAA,GTA,GCA,GGG,GGT,GGC	251.80865398614026	0.39768075999943275	1.6986224	1.2473757888453812e-5	0.0015767875133913642
TCG	S	TGA,CGA	GGA	CAA,CCA,CGG,CGT,CGC	255.6809337878074	0.3424473211106227	1.7243304000000002	1.2287789220613215e-5	0.0013375462495139804
TCT	S	GGA,TGA	CGA		182.10761755613217	0	1.2265040000000003	1.727520075456883e-5	0
ACA	T	TGT	GGT,CGT	TGA,TGG,TTT,TCT,TGC	96.92114414871482	0.33876509185136866	0.6550504	3.23452722333143e-5	0.0034829781052372034
ACC	T	GGT,TGT	CGT	GGA,GGG,GAT,GTT,GCT,GGC	154.94642550557353	0.4529141988882429	1.0466224000000002	2.024420642783628e-5	0.002914459166049487
ACG	T	TGT,CGT	GGT	CGA,CGG,CAT,CTT,CCT,CGC	158.81870530724063	0.6848946422212454	1.0742648000000001	1.9723303746643913e-5	0.004293828691347308
ACT	T	GGT,TGT	CGT		120.09590729056947	0	0.8088520000000001	2.61950441223589e-5	0
GTA	V	TAC	GAC,CAC	TAG,TGC,TTC,TCC	96.92114414871482	0.28353165296255856	0.6546784	3.236365080187111e-5	0.0029167575994143518
GTC	V	GAC,TAC	CAC	GAA,GAG,GAT,GGC,GTC,GCC	154.94642550557353	0.4529141988882429	1.0466224000000002	2.024420642783628e-5	0.002914459166049487
GTG	V	TAC,CAC	GAC	CAA,CAG,CAT,CGC,CTC,CCC	158.81870530724063	0.5744277644436251	1.0735208	1.9736972646551996e-5	0.003603771479416351
GTT	V	GAC,TAC	CAC	ATC	120.09590729056947	0.055233438888810105	0.8092240000000002	2.618300258469841e-5	4.596876265694522e-4
TGG	W	CCA		CAA,CGA,GCA,CCG,CCT,CCC	96.80699504167794	0.3903163014809247	0.6546288	3.236610285580535e-5	0.004015580915457451
TAC	Y	GTA		GAA,GGA,GCA,GTG,GTT,GTC	96.80699504167794	0.44923196962898887	0.6550256	3.234649682179486e-5	0.004618906699889617
TAT	Y	GTA		ATC	61.956476826673885	0.055233438888810105	0.417652	5.072977975677413e-5	8.906485028730387e-4
AGC	Z	GCT		GCA,GAT,GGT,GTT,TCT,CCT,GCC	96.80699504167794	0.44923196962898887	0.6550256	3.234649682179486e-5	0.004618906699889617
AGT	Z	GCT		ACG,TCT,CCT	61.956476826673885	0.16570031666643034	0.41839600000000005	5.063957563232801e-5	0.002667194443143802
