Codon	AA	Cognate	Pseudo.cognate	Near.cognate	Rc_my	Rn_my	eN_my	eM_my
GCA	A	TGC	GGC	TGT,TGG,TTC,TCC,TAC,TGA	21.508530048	0.05479292160000001	1.458745984071193e-4	0.002540653348363882
GCC	A	TGC,GGC		GGT,GGG,GTC,GCC,GAC,GGA	27.2337792	0.0583367424	1.1525809888320054e-4	0.0021372479415330574
GCG	A	TGC	GGC	CGT,CGG,CCC,CGA	13.768403328000003	0.0209903232	2.2809432342116098e-4	0.001521860638491894
GCT	A	TGC,GGC			22.073694720000002	0	1.425022737583079e-4	0
TGC	C	GCA		GCT,GCC,GTA,GGA,CCA,GAA	7.166784000000001	0.0539751168	4.354985218014041e-4	0.007471736675288663
TGT	C	GCA		ACG,CCA	4.586741760000001	0.0215355264	6.822188735695064e-4	0.004670038958148242
GAC	D	GTC		GTT,GTG,TTC,GGC,GCC,GAC,GTA	21.500352000000003	0.0839612928	1.4573275888234217e-4	0.003889355002883704
GAT	D	GTC		TTC	13.760225280000002	0.016356096	2.2830640361429453e-4	0.001186968040346519
GAA	E	TTC		TTT,TTG,GTC,TGC,TCC,TAC	28.667136000000003	0.08368869120000001	1.0941097609739222e-4	0.002910509024953986
GAG	E	TTC		CTG,GTC,CCC	18.346967040000003	0.024806745600000003	1.7121163176262935e-4	0.001350032864874897
TTC	F	GAA		GAT,GAG,GAC,GTA,GGA,GCA,TAA,CAA	14.333568000000001	0.0580641408	2.185514753494602e-4	0.004033694735136296
TTT	F	GAA		TAA,CAA	9.173483520000001	0.008178048	3.4252214613191337e-4	8.903886052542282e-4
GGA	G	TCC	GCC,CCC	TCT,TTC,TGC,TAC	7.187501721600001	0.054520320000000004	4.342204324228823e-4	0.007525059417111863
GGC	G	TCC,GCC	CCC	GCT,GTC,GGC,GAC,GCA	32.971295424000004	0.0378916224	9.52977178431523e-5	0.0011478020152874983
GGG	G	TCC,CCC	GCC	CCT,CCG,CCA	11.769881856	0.0125396736	2.6693665723764897e-4	0.001063985554238778
GGT	G	TCC,GCC	CCC	ACG	22.651126464	0.016356096	1.387698621444839e-4	7.214663659065305e-4
CAC	H	GTG		GTT,TTG,CTG,GGG,GAG,GTC,GTA	7.166784000000001	0.0662421888	4.3476024587548015e-4	0.00915431350604513
CAT	H	GTG		TTG,CTG,ACG	4.586741760000001	0.0338025984	6.804088847092808e-4	0.007310740075530745
ATA	I	CAT	GAT	TTT,TGT,TCT,CAT,TAG,TAC,TAA	9.185750592000002	0.09786397440000003	3.3876182954284374e-4	0.010538009858257482
ATC	I	GAT	CAT	GTT,GGT,GCT,CAT,GAG,GAC,GAA	21.508530048	0.08287088640000001	0.00014568492729006684	0.0038375839350436717
ATT	I	GAT	CAT	CAT	13.768403328000003	0.032712192	2.2790063745474444e-4	0.0023697169133318472
AAA	K	TTT		GTT,TGT,TCT,TTG,TTC	43.000704000000006	0.05043129600000001	7.307054967126536e-5	0.0011713421866987562
AAG	K	TTT		GTT,CGT,CCT,CAT,CTG	27.520450560000004	0.0779640576	1.1397906240105743e-4	0.0028246249797298268
CTA	L	TAG	GAG,CAG,TAA	TTG,TGG,TAC	7.192681152000001	0.0329847936	4.3520291075145373e-4	0.004562961915211673
CTC	L	TAG,GAG	CAG	GAT,GTG,GGG,GAC,GAA	11.483210496000002	0.0376190208	2.7299606766897986e-4	0.0032644134608892437
CTG	L	TAG,CAG	GAG,CAA	CAT,CTG,CGG,CCG	33.2623284096	0.05751893760000001	9.440928572115642e-5	0.0017261035646076823
CTT	L	TAG,GAG	CAG	ACG	8.9031682560000025	0.016356096	3.5258503070158015e-4	0.001833094281728542
TTA	L	TAA	TAG,CAA	TAC,TGA,GAA	7.1755072512	0.0329847936	4.3623930935752446e-4	0.004573828219759851
TTG	L	TAA,CAA	CAG	CAT,CGA,CCA,GAA	11.770972262399999	0.05751893759999999	2.6589726737057156e-4	0.004861452107405728
ATG	M	CAT		CGT,CCT,CAT,GAT,CAG,CAA	57.334272000000006	0.0591545472	5.4811635266424494e-5	0.0010306285649958336
AAC	N	GTT		TTT,GGT,GCT,GAT,GTG,GTC,GTA	28.667136000000003	0.07878186240000001	1.0942965012904488e-4	0.002740327920834888
AAT	N	GTT		TTT	18.346967040000003	0.024534144	1.7121417181492475e-4	0.001335217147535952
CCA	P	TGG	GGG,CGG	TGT,TTG,TAG,TGC,TGA	7.175234649600001	0.0332573952	4.362393093575244e-4	0.0046116284529810064
CCC	P	TGG,GGG	CGG	GGT,GTG,GAG,GGC,GGA	11.470943424000003	0.0335299968	2.73384084488718e-4	0.002913721385275793
CCG	P	TGG,CGG	GGG	CGT,CTG,CCG,CAG,CGA	11.757614784000001	0.04225324800000001	2.665420875948002e-4	0.003579869335531093
CCT	P	TGG,GGG	CGG	ACG	8.890901184000002	0.016356096	3.530704392540131e-4	0.0018356179272729838
CAA	Q	TTG	CTG	TTT,GTG,TGG,TAG,TTC	14.3422912512	0.053157312000000005	2.1849354714386935e-4	0.0036918403227950963
CAG	Q	TTG,CTG		GTG,CGG,CCG,CAG	23.50705152	0.0288957696	1.3365000772523213e-4	0.001227565108158464
AGA	R	TCT	CCT	TTT,TGT,GCT,TCC	7.1711456256	0.03870942720000001	4.3615687519950666e-4	0.0053666188201890635
AGG	R	TCT,CCT	CCG	CGT,GCT,CAT,CCC,CCA	11.757614784000001	0.061607961600000004	2.66105724470053e-4	0.005211135173137701
CGA	R	ACG	TCT,CCG	TTG,TGG,TAG,TCC	17.208732249600004	0.0209903232	1.825581148437225e-4	0.0012180399978869846
CGC	R	ACG	CCG	GCT,GTG,GGG,GAG,GCC,GCA	18.351056064000005	0.0373464192	1.7105683096090325e-4	0.0020306294075300166
CGG	R	CCG,ACG	CCT	CTG,CGG,CAG,CCC,CCA	24.371154624000003	0.0376190208	1.288714712228758e-4	0.0015410103485251005
CGT	R	ACG	CCG		28.671225024000005	0	1.0971469949129299e-4	0
TCA	S	TGA	GGA,CGA	TGT,TGG,TGC,TAA	7.1793236736	0.0250793472	4.364867988994698e-4	0.0034795943985430327
TCC	S	TGA,GGA	CGA	GGT,GGG,GGC,GTA,GCA,GAA	18.637727424	0.0457970688	1.6835529910008088e-4	0.0024507880533156333
TCG	S	TGA,CGA	GGA	CGT,CGG,CCA,CAA	11.761703808000002	0.0209903232	2.669304831033444e-4	0.0017809781030741698
TCT	S	TGA,GGA	CGA		13.477642944000003	0	2.3336913092168943e-4	0
ACA	T	TGT	GGT,CGT	TTT,TCT,TGG,TGC,TGA	7.1836852991999995	0.049886092800000004	4.347274917047085e-4	0.006893469800982937
ACC	T	TGT,GGT	CGT	GTT,GCT,GAT,GGG,GGC,GGA	18.641816448000004	0.054520320000000004	1.682399475446282e-4	0.002915605777786505
ACG	T	TGT,CGT	GGT	CCT,CAT,CGG,CGA	18.928487808000003	0.055883328	1.6568780306906153e-4	0.0029431614254633734
ACT	T	TGT,GGT	CGT		13.481731968000004	0	2.3329836632304327e-4	0
GTA	V	TAC	GAC	TAG,TTC,TGC,TCC,TAA	35.842098048000004	0.0417080448	8.766417364909576e-5	0.001162206383315787
GTC	V	TAC,GAC		GAT,GAG,GTC,GGC,GCC,GAA	35.83392	0.062698368	8.763288716190717e-5	0.0017464841094023307
GTG	V	TAC	GAC	CAT,CAG,CCC,CAA	22.941886848000006	0.0681504	1.3670425191062636e-4	0.0029613634613509065
GTT	V	TAC,GAC			30.673835520000004	0	1.0255246259965147e-4	0
TGG	W	CCA		CCT,CCG,CCC,CGA,GCA,CAA	7.166784000000001	0.0248067456	4.3726408779639665e-4	0.0034479017755820966
TAC	Y	GTA		GTT,GTG,GTC,GGA,GCA,GAA	21.500352000000003	0.0537025152	1.459373167578857e-4	0.002491163690857461
TAT	Y	GTA			13.760225280000002	0	2.2857771806036753e-4	0
AGC	Z	GCT		GTT,GGT,TCT,CCT,GAT,GCC,GCA	7.166784000000001	0.0676051968	4.3467836970118923e-4	0.009340914408249223
AGT	Z	GCT		TCT,CCT,ACG	4.586741760000001	0.024534144	6.817755431667176e-4	0.0053168402262334605
